WKT,nama,deskripsi
"LINESTRING (125.960656 -2.336285, 125.959763 -2.334055, 125.959763 -2.330132, 125.959718 -2.328549, 125.95979 -2.327245, 125.959708 -2.326039, 125.959559 -2.324813, 125.95892 -2.324963, 125.958686 -2.323896, 125.958185 -2.322146, 125.957237 -2.320519, 125.954503 -2.316574, 125.953299 -2.315308, 125.952195 -2.314292, 125.950327 -2.310098, 125.946082 -2.302564, 125.941538 -2.29796, 125.940434 -2.296475, 125.938502 -2.295245, 125.937035 -2.293081, 125.936907 -2.29272, 125.937467 -2.292451, 125.936602 -2.291135, 125.935667 -2.290059, 125.932955 -2.287927, 125.931056 -2.286125, 125.929084 -2.280513, 125.927371 -2.275739, 125.926797 -2.274542, 125.926572 -2.273345, 125.92485 -2.269355, 125.92425 -2.267311, 125.923187 -2.266029, 125.921633 -2.264981, 125.919101 -2.262111, 125.917647 -2.26051)",Ruas Waitamua-Waiina,
"LINESTRING (125.973869 -2.402264, 125.97413 -2.402786, 125.973909 -2.404612, 125.974191 -2.405937, 125.974651 -2.406779, 125.97517 -2.408618, 125.975467 -2.409255, 125.974842 -2.411746, 125.977387 -2.417123, 125.979547 -2.419531, 125.980631 -2.422321, 125.982734 -2.42544, 125.985034 -2.429215, 125.991811 -2.438688, 125.998011 -2.44534, 126.006366 -2.45134, 126.012175 -2.454991, 126.017654 -2.458238, 126.020531 -2.459855, 126.02513 -2.462088, 126.02698 -2.463217)",Ruas Waigay-Wailia,
"LINESTRING (126.02708 -2.463284, 126.03102 -2.465947, 126.031336 -2.466204, 126.034373 -2.467995, 126.036309 -2.468975, 126.038411 -2.470794, 126.038753 -2.470916, 126.039989 -2.471745, 126.040237 -2.471992, 126.040614 -2.472039, 126.042466 -2.473123, 126.043763 -2.473359, 126.04584 -2.473628, 126.046445 -2.473553, 126.047714 -2.472822, 126.050667 -2.471236, 126.052213 -2.471236, 126.054607 -2.469933, 126.056032 -2.468601, 126.057063 -2.467874, 126.05779 -2.465815, 126.059171 -2.463947, 126.059994 -2.463833, 126.060399 -2.463378, 126.060652 -2.462885, 126.061171 -2.462759, 126.062006 -2.461836, 126.062677 -2.461355, 126.063158 -2.460634, 126.064352 -2.459723, 126.064583 -2.459097, 126.065243 -2.458581, 126.066166 -2.456779, 126.068092 -2.453177, 126.068966 -2.451461, 126.069891 -2.449738, 126.070885 -2.446878, 126.071253 -2.444099, 126.07109 -2.440193, 126.071288 -2.437938, 126.071585 -2.437285, 126.07149 -2.433512, 126.070773 -2.430385, 126.071177 -2.428266, 126.071745 -2.425797, 126.071546 -2.423668, 126.07113 -2.422502, 126.070267 -2.418223, 126.069615 -2.415029, 126.069127 -2.413479, 126.066312 -2.409913, 126.064073 -2.406945, 126.063526 -2.405156, 126.06322 -2.403413, 126.062836 -2.401563, 126.062461 -2.400758, 126.062324 -2.400065, 126.062181 -2.399787)",Ruas Wailia-Baleha,
"LINESTRING (125.960719 -2.336388, 125.962012 -2.338955, 125.962493 -2.340958, 125.963023 -2.343939, 125.96057 -2.356742, 125.960662 -2.361481, 125.963541 -2.367236, 125.962352 -2.36989, 125.962875 -2.376456, 125.96462 -2.38239, 125.965229 -2.387203, 125.968166 -2.396069, 125.973843 -2.402157)",Ruas Waitamua-Waigay,
"LINESTRING (126.032668 -2.33493, 126.032578 -2.335266, 126.032489 -2.335445, 126.03236 -2.335477, 126.03191 -2.335297, 126.031425 -2.333993, 126.031292 -2.333782, 126.030534 -2.333233, 126.029242 -2.331802, 126.028304 -2.331511, 126.02734 -2.330627, 126.026645 -2.330485, 126.025386 -2.329149, 126.02469 -2.328415, 126.024283 -2.328299, 126.0238 -2.32826, 126.0232 -2.327787, 126.022755 -2.327768, 126.02121 -2.326572, 126.020551 -2.325848, 126.019332 -2.322901, 126.018908 -2.322189, 126.018347 -2.321915, 126.016782 -2.32198, 126.015987 -2.321707, 126.015407 -2.321464, 126.014245 -2.321677, 126.01378 -2.321503, 126.011204 -2.322916, 126.007777 -2.323341, 126.007234 -2.324038, 126.00613 -2.32369, 126.005259 -2.322529, 126.001773 -2.323535, 126.000727 -2.323322, 125.99912 -2.323225, 125.998268 -2.322838, 125.997493 -2.323051, 125.99556 -2.323785, 125.99408 -2.323785, 125.992747 -2.323711, 125.989934 -2.325338, 125.98875 -2.32519, 125.987121 -2.325264, 125.983716 -2.325856, 125.978831 -2.330294, 125.977054 -2.332735, 125.973427 -2.332217, 125.968393 -2.333622, 125.964766 -2.334214, 125.960768 -2.336285)",Ruas Waitamua-Manaf,
"LINESTRING (126.062178 -2.399787, 126.061828 -2.399179, 126.061447 -2.39889, 126.060488 -2.398981, 126.059697 -2.397217, 126.059286 -2.395925, 126.058923 -2.392762, 126.058609 -2.391289, 126.056822 -2.388595, 126.054251 -2.385838, 126.051964 -2.380885, 126.049791 -2.37746, 126.048855 -2.375469, 126.047378 -2.371218, 126.046564 -2.369307, 126.046523 -2.368372, 126.04461 -2.365891, 126.042678 -2.362936, 126.041534 -2.361263, 126.04084 -2.360468, 126.038696 -2.359468, 126.038186 -2.358774, 126.038921 -2.35706, 126.039223 -2.354739, 126.038706 -2.351424, 126.037944 -2.348675, 126.037902 -2.348399, 126.037463 -2.348111, 126.037325 -2.347877, 126.037469 -2.347588, 126.037692 -2.347396, 126.037679 -2.347138, 126.037126 -2.346177, 126.035425 -2.343297, 126.033565 -2.339468, 126.033164 -2.338761, 126.032502 -2.337966, 126.03238 -2.337721, 126.03211 -2.33728, 126.032269 -2.336693, 126.032759 -2.33624, 126.032857 -2.335665, 126.032686 -2.334967)",Ruas Baleha-Manaf,
"LINESTRING (125.329532 -1.837223, 125.329776 -1.838223, 125.329921 -1.838732, 125.329757 -1.840246, 125.329662 -1.840606, 125.329537 -1.840966, 125.329419 -1.841437, 125.329375 -1.841927, 125.329409 -1.842644, 125.329668 -1.842899, 125.330264 -1.84309, 125.33095 -1.843284, 125.332089 -1.843813, 125.332951 -1.844367, 125.333516 -1.844875, 125.333565 -1.845546, 125.333927 -1.84578, 125.334372 -1.846227, 125.335027 -1.847042, 125.335261 -1.847243, 125.335639 -1.847166, 125.336008 -1.84725, 125.337289 -1.848454, 125.339463 -1.849203, 125.340913 -1.849428, 125.342262 -1.849253, 125.344087 -1.849378, 125.345736 -1.847954, 125.34836 -1.84768, 125.350853 -1.84716, 125.35125 -1.847623, 125.351694 -1.84856, 125.352062 -1.849335, 125.35229 -1.849799, 125.352573 -1.850133, 125.352585 -1.851172, 125.352066 -1.851856, 125.351752 -1.852795, 125.351229 -1.853536, 125.351015 -1.854144, 125.350597 -1.854589, 125.350385 -1.855062, 125.350187 -1.855792, 125.349805 -1.856454, 125.349641 -1.857199, 125.349919 -1.858175, 125.349992 -1.859063, 125.349929 -1.859762, 125.350151 -1.860914, 125.350333 -1.861637, 125.350896 -1.862047, 125.351072 -1.862555, 125.351048 -1.862878, 125.350943 -1.862982, 125.350975 -1.863154, 125.351241 -1.863539, 125.35137 -1.863982, 125.351211 -1.864353, 125.351219 -1.864851, 125.351513 -1.865023, 125.35217 -1.865026, 125.353252 -1.86534, 125.353725 -1.865469, 125.354254 -1.865433, 125.354742 -1.865489, 125.355454 -1.865708, 125.356369 -1.866233, 125.357363 -1.866625, 125.358084 -1.866862, 125.358744 -1.867152, 125.361191 -1.867727)",Ruas PELITA-JOHOR,
"LINESTRING (125.329548 -1.837224, 125.32939 -1.836583, 125.329195 -1.83601, 125.328948 -1.835396, 125.328721 -1.834613, 125.328407 -1.832915, 125.328419 -1.832339, 125.328972 -1.831732, 125.329731 -1.830809, 125.330572 -1.829567, 125.330886 -1.828925, 125.331629 -1.827239, 125.331874 -1.826669, 125.332233 -1.826226, 125.3325 -1.826053, 125.332754 -1.825963, 125.333327 -1.825766, 125.334317 -1.825506, 125.334833 -1.825325, 125.335016 -1.82523, 125.335145 -1.825159, 125.335278 -1.825095, 125.335576 -1.824908, 125.336214 -1.824497, 125.336754 -1.823934, 125.337332 -1.823394, 125.337841 -1.822842, 125.338152 -1.8224, 125.338373 -1.821899, 125.338629 -1.821243, 125.33902 -1.820171, 125.339085 -1.819782, 125.339167 -1.819456, 125.339243 -1.819099, 125.339433 -1.818562, 125.339718 -1.817973, 125.339922 -1.81776, 125.340414 -1.81728, 125.340836 -1.816874, 125.340999 -1.816382, 125.341195 -1.815955, 125.341397 -1.815506, 125.341782 -1.814854, 125.342463 -1.814205, 125.342652 -1.814095, 125.342802 -1.813973, 125.343131 -1.813755, 125.343361 -1.813466, 125.343795 -1.813134, 125.34423 -1.813042, 125.34436 -1.813079, 125.344605 -1.81304, 125.345249 -1.81283, 125.346068 -1.812402, 125.346631 -1.81203, 125.346878 -1.811707, 125.347284 -1.811346, 125.347553 -1.810908, 125.347792 -1.810362, 125.347934 -1.810006, 125.348006 -1.809517, 125.347927 -1.809279, 125.347748 -1.808953, 125.34767 -1.808564, 125.347688 -1.8082, 125.347719 -1.807975, 125.347826 -1.807731, 125.348084 -1.807293, 125.348587 -1.806657, 125.349133 -1.806092, 125.34959 -1.805632, 125.349932 -1.805348, 125.350274 -1.805219, 125.350609 -1.805151, 125.350944 -1.805148, 125.351339 -1.805218, 125.35191 -1.805372, 125.35249 -1.805597, 125.352851 -1.805656, 125.353099 -1.805619, 125.353261 -1.805648, 125.353727 -1.805975, 125.3551 -1.806808, 125.356524 -1.807732)",Ruas PELITA-DOFA,
"LINESTRING (125.49984 -1.937153, 125.500156 -1.937707, 125.500505 -1.93822, 125.500874 -1.938683, 125.501248 -1.939065, 125.501387 -1.939278, 125.501705 -1.939534, 125.502464 -1.940098, 125.503451 -1.940761, 125.504158 -1.941083, 125.504528 -1.94125, 125.504763 -1.941355, 125.50476 -1.941403, 125.504838 -1.941551, 125.504953 -1.941602, 125.505056 -1.941924, 125.505253 -1.942136, 125.505503 -1.942367, 125.505718 -1.94266, 125.505808 -1.942942, 125.505867 -1.943708, 125.505812 -1.944091, 125.505968 -1.944305, 125.50662 -1.944995, 125.507347 -1.945684, 125.508419 -1.946448, 125.508982 -1.946588, 125.509524 -1.946919, 125.511683 -1.947392, 125.512719 -1.947061, 125.513309 -1.946674, 125.513874 -1.946683, 125.514221 -1.946935, 125.514638 -1.94729, 125.515216 -1.947536, 125.516027 -1.947815, 125.516356 -1.947716, 125.517057 -1.947792, 125.517929 -1.947755, 125.518699 -1.947236, 125.519997 -1.946621, 125.521103 -1.947154, 125.522166 -1.948028, 125.524627 -1.947815, 125.527114 -1.947797, 125.529649 -1.947325, 125.530535 -1.946866, 125.531603 -1.946092, 125.533146 -1.945499, 125.534993 -1.944864, 125.53671 -1.944238, 125.537569 -1.943154, 125.539344 -1.94236, 125.541437 -1.942121, 125.543378 -1.941101, 125.545466 -1.941235, 125.547976 -1.940732, 125.550342 -1.940115, 125.554293 -1.939014, 125.557255 -1.937327, 125.559988 -1.936327, 125.562254 -1.93512, 125.563834 -1.935076, 125.565215 -1.935128, 125.566749 -1.935189, 125.568633 -1.935179, 125.570781 -1.935253, 125.571987 -1.934945, 125.572491 -1.934081, 125.572908 -1.933038, 125.572864 -1.932668, 125.573158 -1.931414, 125.573154 -1.930697, 125.57296 -1.930095, 125.57271 -1.929813, 125.572403 -1.929665, 125.572079 -1.929457, 125.572136 -1.929211, 125.572606 -1.928748, 125.57391 -1.92772, 125.575492 -1.927099, 125.577381 -1.926821, 125.578812 -1.927085, 125.580308 -1.92722, 125.582485 -1.927233, 125.583195 -1.927161, 125.583754 -1.927303, 125.585146 -1.927443)",Ruas AUPONHIA-BUYA,
"LINESTRING (125.871213 -1.807775, 125.871091 -1.808764, 125.870876 -1.810243, 125.870934 -1.811238, 125.871105 -1.812088, 125.871356 -1.812518, 125.872008 -1.81365, 125.87217 -1.814336, 125.872114 -1.814767, 125.871807 -1.815369, 125.871286 -1.816129, 125.871109 -1.816529, 125.871091 -1.816985, 125.871216 -1.817579, 125.871282 -1.818221, 125.871269 -1.818796, 125.870876 -1.819909, 125.870702 -1.820272, 125.870433 -1.820948, 125.869953 -1.821664, 125.869555 -1.822243, 125.868747 -1.822924, 125.868156 -1.823288, 125.867905 -1.823476, 125.867592 -1.823538, 125.867046 -1.823864, 125.866855 -1.824063, 125.866847 -1.824262, 125.866978 -1.824966, 125.866966 -1.82575, 125.866875 -1.826341, 125.865474 -1.827196, 125.865212 -1.827132, 125.864768 -1.826828, 125.864358 -1.826609, 125.863862 -1.82691, 125.863416 -1.827486, 125.863288 -1.828649, 125.863321 -1.829466, 125.863286 -1.829625, 125.86307 -1.829647, 125.862239 -1.829174, 125.861977 -1.82912, 125.861431 -1.829264, 125.861146 -1.82929, 125.860884 -1.829684, 125.860753 -1.830232, 125.860793 -1.830951, 125.860691 -1.831172, 125.860372 -1.831518, 125.859419 -1.832483, 125.858942 -1.832732, 125.858579 -1.833306, 125.858329 -1.834335, 125.858896 -1.842954, 125.860258 -1.847944, 125.860031 -1.851573, 125.857875 -1.856676, 125.861775 -1.861091, 125.870257 -1.872948, 125.873869 -1.881261, 125.874387 -1.884624, 125.875152 -1.887674, 125.875415 -1.890494, 125.875512 -1.893049, 125.875446 -1.894936, 125.875083 -1.896625, 125.874984 -1.900201, 125.874637 -1.90107, 125.874039 -1.901554, 125.872886 -1.902367, 125.872609 -1.902854, 125.872653 -1.903443, 125.872843 -1.904099, 125.873099 -1.904964, 125.873203 -1.905176, 125.873135 -1.90548, 125.873037 -1.905725, 125.873108 -1.906049, 125.873241 -1.90635, 125.873316 -1.906706, 125.873214 -1.906971, 125.873254 -1.907233, 125.873218 -1.907405)",Ruas WAILOBA-CAPALULU,
"LINESTRING (125.872993 -1.907972, 125.876476 -1.909519, 125.878092 -1.910252, 125.878495 -1.910919, 125.878873 -1.911115, 125.879334 -1.91138, 125.879879 -1.911747, 125.880102 -1.911968, 125.880542 -1.912548, 125.881039 -1.913409, 125.881429 -1.913855, 125.882316 -1.914692, 125.881889 -1.915147, 125.882571 -1.915835, 125.882976 -1.91605, 125.883051 -1.916348, 125.883305 -1.916497, 125.883734 -1.9164, 125.884119 -1.916523, 125.885388 -1.918004, 125.887953 -1.92023, 125.891214 -1.922895, 125.893251 -1.924214, 125.894985 -1.925559, 125.897006 -1.927356, 125.897814 -1.927717, 125.89964 -1.929648, 125.900714 -1.930435, 125.901898 -1.931276, 125.903068 -1.93192, 125.903567 -1.932445, 125.904697 -1.932892, 125.906088 -1.933127, 125.908345 -1.933256, 125.910361 -1.932095, 125.912103 -1.931298, 125.914457 -1.93036, 125.915645 -1.929936, 125.916644 -1.929692, 125.917902 -1.929536, 125.919551 -1.929506, 125.921732 -1.929495, 125.923119 -1.929513, 125.923837 -1.929491, 125.924375 -1.929575, 125.925246 -1.929537, 125.926058 -1.92943, 125.926612 -1.929531, 125.927514 -1.929859, 125.928232 -1.930027, 125.929304 -1.930078, 125.930079 -1.930135, 125.930195 -1.929885, 125.930175 -1.929402, 125.930115 -1.928896, 125.930203 -1.928611, 125.930465 -1.928326, 125.931316 -1.927951, 125.932123 -1.927386, 125.932562 -1.926991, 125.933276 -1.926452, 125.934205 -1.925821, 125.935249 -1.925268, 125.936704 -1.924426, 125.937588 -1.923845, 125.939069 -1.923315, 125.940345 -1.922894, 125.941082 -1.924314, 125.942372 -1.923209, 125.945151 -1.921509, 125.947178 -1.92027, 125.948276 -1.919527, 125.949607 -1.919194, 125.952525 -1.918143, 125.954738 -1.916876, 125.95644 -1.916487, 125.959269 -1.916404, 125.960647 -1.916218, 125.961558 -1.916295, 125.962345 -1.916538, 125.963963 -1.917161, 125.964784 -1.917192, 125.965774 -1.91716, 125.966224 -1.917323, 125.96675 -1.917664, 125.96741 -1.917912, 125.969302 -1.918287, 125.969881 -1.918122, 125.970979 -1.917763, 125.971734 -1.917659, 125.97245 -1.917632, 125.973612 -1.917502, 125.97508 -1.917423, 125.976651 -1.917444, 125.977661 -1.917352, 125.978347 -1.917227, 125.980484 -1.916827, 125.980886 -1.916613, 125.981916 -1.916094, 125.982536 -1.915912, 125.985566 -1.915215, 125.985159 -1.913984, 125.985801 -1.913722, 125.986199 -1.913538, 125.986698 -1.913136, 125.987252 -1.913015, 125.987626 -1.912908, 125.987998 -1.912604, 125.988411 -1.91234, 125.988981 -1.912248, 125.989522 -1.911987, 125.990768 -1.911347, 125.991811 -1.910725, 125.992223 -1.910387, 125.992951 -1.909893, 125.993867 -1.909398, 125.995069 -1.908874, 125.996106 -1.90838, 125.996846 -1.907857, 125.997621 -1.907242, 125.998646 -1.906765, 125.999946 -1.906258, 126.00146 -1.905715, 126.00215 -1.905686, 126.004255 -1.905963, 126.005515 -1.905988, 126.00592 -1.905482, 126.006953 -1.904386, 126.007432 -1.903724, 126.009338 -1.903205, 126.010401 -1.902965, 126.011124 -1.902682, 126.011702 -1.902096, 126.012408 -1.900853, 126.012953 -1.899942, 126.013457 -1.899202, 126.015114 -1.898587, 126.016512 -1.898376, 126.017237 -1.897984, 126.018594 -1.897571, 126.020443 -1.896715, 126.021977 -1.896637, 126.022192 -1.896629, 126.022297 -1.896643, 126.022409 -1.896705, 126.022505 -1.896884, 126.023005 -1.897691, 126.023343 -1.89806, 126.023615 -1.897998, 126.02409 -1.897711, 126.024896 -1.897254, 126.025709 -1.896784, 126.026733 -1.895976, 126.0275 -1.895472, 126.028365 -1.895013, 126.029102 -1.894539, 126.02989 -1.894317, 126.030995 -1.894143, 126.031595 -1.894175, 126.032284 -1.894174, 126.032879 -1.894158, 126.033602 -1.894218, 126.034899 -1.894115, 126.035609 -1.894198, 126.036663 -1.894258, 126.03703 -1.894168, 126.038286 -1.893951, 126.039203 -1.893803, 126.040034 -1.893427, 126.041215 -1.892696, 126.04327 -1.891418, 126.044714 -1.890478, 126.046422 -1.88932, 126.047152 -1.888662, 126.049047 -1.887717, 126.050593 -1.886884, 126.052105 -1.886104, 126.053471 -1.885332, 126.056201 -1.884769, 126.058093 -1.884374, 126.059082 -1.884039, 126.060131 -1.883721, 126.061096 -1.883438, 126.062438 -1.882944, 126.064297 -1.882309, 126.065425 -1.882195, 126.066143 -1.882205, 126.06698 -1.882305, 126.067803 -1.882355, 126.068605 -1.882409, 126.069439 -1.882378, 126.070578 -1.882274)",Ruas CAPALULU-KOU,
"LINESTRING (125.585219 -1.92744, 125.5863 -1.927573, 125.587598 -1.927995, 125.588722 -1.928212, 125.590612 -1.928205, 125.591706 -1.928608, 125.592854 -1.928667, 125.593736 -1.928581, 125.59458 -1.927785, 125.595546 -1.927533, 125.59645 -1.927268, 125.597277 -1.927329, 125.597863 -1.9271, 125.599322 -1.926679, 125.600806 -1.926669, 125.602064 -1.926498, 125.603274 -1.926593, 125.605669 -1.926976, 125.608019 -1.926825, 125.609586 -1.926679, 125.611443 -1.926847, 125.614552 -1.927025, 125.615384 -1.927406, 125.616396 -1.92771, 125.618092 -1.928336, 125.619679 -1.928503, 125.620752 -1.928814, 125.622344 -1.928798, 125.623743 -1.929096, 125.625814 -1.929404, 125.627092 -1.929088, 125.628803 -1.929012, 125.630959 -1.929109, 125.632921 -1.928844, 125.635928 -1.929159, 125.637999 -1.92928, 125.639635 -1.929135, 125.643883 -1.929297, 125.646978 -1.929329, 125.649301 -1.92912, 125.650746 -1.928955, 125.652384 -1.929105, 125.654374 -1.929361, 125.656157 -1.929425, 125.658094 -1.929367, 125.659185 -1.929428, 125.659454 -1.929529, 125.660332 -1.929554, 125.661192 -1.929675, 125.662239 -1.929887, 125.663556 -1.929948, 125.664712 -1.92995, 125.666206 -1.92984, 125.667065 -1.929941, 125.668256 -1.929988, 125.670302 -1.93017, 125.671531 -1.930224, 125.672879 -1.930206, 125.674576 -1.929779, 125.67572 -1.929668, 125.677212 -1.92939, 125.680249 -1.92882, 125.681239 -1.928526, 125.682133 -1.928264, 125.683831 -1.927708, 125.684748 -1.927542, 125.685626 -1.927479, 125.686871 -1.927765, 125.68827 -1.927896, 125.689299 -1.927864, 125.69038 -1.927677, 125.69074 -1.927625, 125.691422 -1.927721, 125.692065 -1.927676, 125.693673 -1.92736, 125.694464 -1.927241, 125.695191 -1.927302, 125.696372 -1.927528, 125.697578 -1.92751, 125.698768 -1.927282, 125.699628 -1.926764, 125.70045 -1.926169, 125.701617 -1.925487, 125.702201 -1.92541, 125.703054 -1.925661, 125.703689 -1.925976)",Ruas BUYA-KAPORO,
"LINESTRING (125.52583 -1.808191, 125.526977 -1.808175, 125.527284 -1.808101, 125.527966 -1.808002, 125.528758 -1.808005, 125.529436 -1.808129, 125.531316 -1.808468, 125.532076 -1.808889, 125.532624 -1.809024, 125.533542 -1.809024, 125.533861 -1.809321, 125.534181 -1.809542, 125.534416 -1.809966, 125.534686 -1.810581, 125.534559 -1.811013, 125.534305 -1.811823, 125.534419 -1.812015, 125.534765 -1.812231, 125.535222 -1.812361, 125.535682 -1.812537, 125.536031 -1.81294, 125.536582 -1.813606, 125.536998 -1.814012, 125.537579 -1.814001, 125.538019 -1.81418, 125.538528 -1.814422, 125.538924 -1.814837, 125.53896 -1.815163, 125.538602 -1.816137, 125.538093 -1.817624, 125.53783 -1.817943, 125.53631 -1.818482, 125.535924 -1.818744, 125.535698 -1.818972, 125.535471 -1.819199, 125.535304 -1.819822, 125.534885 -1.820224, 125.534459 -1.820558, 125.533689 -1.820958, 125.532804 -1.821154, 125.531842 -1.821108, 125.531479 -1.821588, 125.531276 -1.822195, 125.531065 -1.822601, 125.531145 -1.823161, 125.531391 -1.823692, 125.531547 -1.824318, 125.531539 -1.824982, 125.531501 -1.82545, 125.53158 -1.825751, 125.53194 -1.825882, 125.532341 -1.825925, 125.532792 -1.825926, 125.532974 -1.826078, 125.533284 -1.826351, 125.533802 -1.827366, 125.534291 -1.827708, 125.534789 -1.828042, 125.535348 -1.828675, 125.535898 -1.82878, 125.53633 -1.828951, 125.536444 -1.829254, 125.536532 -1.829658, 125.536457 -1.830332, 125.536189 -1.830856, 125.535988 -1.831182, 125.53594 -1.832035, 125.536113 -1.832634, 125.536091 -1.833143, 125.536203 -1.833634, 125.536478 -1.834147, 125.536811 -1.83435, 125.537347 -1.834483, 125.53785 -1.834741, 125.53825 -1.834922, 125.539689 -1.835048, 125.540031 -1.835, 125.541033 -1.835103, 125.541508 -1.835328, 125.541703 -1.835306, 125.54211 -1.835296, 125.544016 -1.834863, 125.544393 -1.834666, 125.544594 -1.834252, 125.544636 -1.833394, 125.544552 -1.832534, 125.544569 -1.832174, 125.544922 -1.831789, 125.546878 -1.829486, 125.548137 -1.82882, 125.548812 -1.828413, 125.549504 -1.828224, 125.55067 -1.828166, 125.552968 -1.8282, 125.553569 -1.828141, 125.553885 -1.827999, 125.554382 -1.82784, 125.554896 -1.827841, 125.555621 -1.828019, 125.557052 -1.828204, 125.558973 -1.828207, 125.559837 -1.828088, 125.560197 -1.827726, 125.559925 -1.827255, 125.55955 -1.826731, 125.559406 -1.82629, 125.559387 -1.825765, 125.559149 -1.824614, 125.559261 -1.824114, 125.559485 -1.823939, 125.559742 -1.823949, 125.560285 -1.823955, 125.561312 -1.824035, 125.562292 -1.824016, 125.563786 -1.824064, 125.563949 -1.823908, 125.564344 -1.82378, 125.56468 -1.823894, 125.565317 -1.824105, 125.566912 -1.824175, 125.569189 -1.824316, 125.571297 -1.824416, 125.575649 -1.824616, 125.575929 -1.824573, 125.576151 -1.824199, 125.576402 -1.823632, 125.576891 -1.822477, 125.577161 -1.822078, 125.577516 -1.821415, 125.57768 -1.821099, 125.577884 -1.820949, 125.5783 -1.820731, 125.579001 -1.820432, 125.579291 -1.820441, 125.57943 -1.820258, 125.579569 -1.820192, 125.580275 -1.820015, 125.580865 -1.81977, 125.581378 -1.819517, 125.581679 -1.819096, 125.581914 -1.818507, 125.582327 -1.817837, 125.582702 -1.817584, 125.58283 -1.817233, 125.583158 -1.816376, 125.583826 -1.815185, 125.584682 -1.813768, 125.5858 -1.812936, 125.5865 -1.812627, 125.587031 -1.812247)",Ruas MINALULI-MODAPUHI,
"LINESTRING (125.966832 -2.053622, 125.967494 -2.05231, 125.969111 -2.053414, 125.969876 -2.053866, 125.970781 -2.054457, 125.971791 -2.054754, 125.973515 -2.055111, 125.974199 -2.055378, 125.975165 -2.055809, 125.97567 -2.056032, 125.976933 -2.056373, 125.9783 -2.056759, 125.980113 -2.057234)",Ruas WAIBAU-PELABUHAN,
"LINESTRING (125.979016 -2.069142, 125.975859 -2.068784, 125.973053 -2.06849, 125.972593 -2.068429, 125.972098 -2.068339, 125.971304 -2.0683, 125.970064 -2.068263, 125.969074 -2.068013, 125.96807 -2.067805, 125.967511 -2.067402, 125.967008 -2.066963, 125.96656 -2.066937, 125.965685 -2.066592, 125.965186 -2.066344, 125.96452 -2.06579, 125.963152 -2.065177, 125.962087 -2.064645, 125.96098 -2.063932, 125.95956 -2.062646, 125.959051 -2.062361, 125.958123 -2.062076, 125.957008 -2.061019, 125.956149 -2.060765, 125.954664 -2.060284, 125.953468 -2.059428, 125.951793 -2.058602, 125.950532 -2.058578, 125.949312 -2.057947, 125.948104 -2.057962, 125.947198 -2.057204, 125.946241 -2.056497, 125.924147 -2.053404, 125.915434 -2.051602, 125.912391 -2.04924, 125.911361 -2.045902, 125.909828 -2.043836, 125.908656 -2.040769, 125.907555 -2.040845, 125.906353 -2.039787, 125.904233 -2.035949, 125.902531 -2.031523, 125.901473 -2.027004, 125.899438 -2.0242, 125.897795 -2.024448, 125.893789 -2.024762, 125.891848 -2.024174, 125.890674 -2.02344, 125.890337 -2.022373, 125.890112 -2.021688, 125.889703 -2.020911, 125.889366 -2.020371, 125.888924 -2.020081, 125.886418 -2.019351, 125.886131 -2.019082, 125.885987 -2.018478, 125.885482 -2.018041, 125.885121 -2.017831, 125.884814 -2.017311, 125.884182 -2.01688, 125.883396 -2.016944, 125.88303 -2.016895, 125.882714 -2.017008, 125.882363 -2.017016, 125.882114 -2.01696)",Ruas FOGI-MALBUFA,
"LINESTRING (125.975601 -2.068749, 125.975715 -2.068429, 125.975946 -2.068054, 125.976468 -2.06737, 125.976675 -2.067045, 125.976919 -2.066726, 125.97716 -2.066501, 125.977367 -2.066181, 125.977801 -2.065334, 125.978179 -2.064457, 125.978491 -2.063699, 125.978813 -2.062951, 125.979131 -2.061902, 125.979234 -2.061489, 125.979269 -2.061076, 125.978994 -2.060422, 125.978671 -2.059569, 125.978301 -2.05847, 125.97818 -2.058087, 125.978129 -2.057674, 125.978143 -2.057245, 125.978196 -2.05685, 125.978359 -2.056245, 125.978448 -2.055672, 125.978478 -2.055196, 125.978569 -2.054893, 125.978772 -2.054619, 125.9792 -2.054075, 125.979724 -2.053704, 125.980304 -2.053332, 125.980965 -2.052934, 125.981127 -2.053305, 125.981322 -2.053734, 125.981585 -2.054392)",Ruas FOGI-DINKES,
"LINESTRING (125.979023 -2.069147, 125.979215 -2.068861, 125.979428 -2.068507, 125.979819 -2.067875, 125.980198 -2.06698, 125.980419 -2.066175, 125.980749 -2.064942, 125.980975 -2.063997, 125.981141 -2.063039, 125.981287 -2.062373, 125.981312 -2.061939, 125.981074 -2.061318, 125.98058 -2.060674, 125.979977 -2.059846, 125.979694 -2.059243, 125.979367 -2.05859, 125.979195 -2.05818, 125.979164 -2.05787, 125.979122 -2.057557, 125.979104 -2.057174, 125.979159 -2.056631, 125.979356 -2.055769, 125.979454 -2.055268, 125.979585 -2.054931, 125.979975 -2.054487, 125.980414 -2.054204, 125.981275 -2.053562, 125.981583 -2.053415, 125.98207 -2.053299, 125.982622 -2.053217, 125.982937 -2.053191, 125.983235 -2.053194, 125.983879 -2.05317, 125.984781 -2.052982, 125.985297 -2.052854, 125.985952 -2.05268, 125.986525 -2.052525, 125.987038 -2.05233, 125.987287 -2.052174, 125.987606 -2.051885, 125.987916 -2.051591, 125.988144 -2.05132, 125.98836 -2.050965, 125.988582 -2.050657, 125.988931 -2.050834, 125.989213 -2.050996)",Ruas PEREMPATAN FOGI-SMPN1,
"LINESTRING (125.967908 -2.090085, 125.970344 -2.090794, 125.971112 -2.088794, 125.972024 -2.08657, 125.973095 -2.084223, 125.973581 -2.083233, 125.974082 -2.08217, 125.975011 -2.080117, 125.975246 -2.079428, 125.975481 -2.078623, 125.975487 -2.077765, 125.97558 -2.07745, 125.975717 -2.077084, 125.975858 -2.076662, 125.976058 -2.075799, 125.976127 -2.07551, 125.97627 -2.075318, 125.976469 -2.075196, 125.976826 -2.074934, 125.97703 -2.074632, 125.977074 -2.074392, 125.977115 -2.074155, 125.977229 -2.073905, 125.977381 -2.073576, 125.977591 -2.073209, 125.977969 -2.072526, 125.978733 -2.071366, 125.979002 -2.071063, 125.979318 -2.070739, 125.979486 -2.070531, 125.979756 -2.070279, 125.979975 -2.069973, 125.980115 -2.069654, 125.98024 -2.069322)",Ruas WAIIPA-BANK BPD,
"LINESTRING (125.981513 -2.069549, 125.981873 -2.068838, 125.982208 -2.068094, 125.982701 -2.06704, 125.98317 -2.066061, 125.984089 -2.063, 125.984054 -2.061713, 125.984026 -2.06073, 125.983945 -2.060381)",Ruas PASAR FOGI-FALAHU (Timbunan),
"LINESTRING (125.966795 -2.083257, 125.966775 -2.08301, 125.966484 -2.082698, 125.966283 -2.082491, 125.966215 -2.082187, 125.966337 -2.081975, 125.967094 -2.081592, 125.967763 -2.081289, 125.968543 -2.08084, 125.968696 -2.080673, 125.968842 -2.080437, 125.968963 -2.080106, 125.969173 -2.079811, 125.96999 -2.078803, 125.970407 -2.078386, 125.97065 -2.078157, 125.970868 -2.077827, 125.971346 -2.076927, 125.971537 -2.076486, 125.97179 -2.076059, 125.97219 -2.07544, 125.972415 -2.075036, 125.972653 -2.074521, 125.972914 -2.073954, 125.973078 -2.073571, 125.973328 -2.0732, 125.973707 -2.072959, 125.973991 -2.072709, 125.974244 -2.072501, 125.974498 -2.072205, 125.974741 -2.071724, 125.974908 -2.071231, 125.975201 -2.070719, 125.975407 -2.070093, 125.975635 -2.0694, 125.975733 -2.069069, 125.975813 -2.068798)",Ruas FOGI LAPAS-WAIIPA,
"LINESTRING (125.966967 -2.053396, 125.969994 -2.055023, 125.970386 -2.055143, 125.971256 -2.055867, 125.972203 -2.056327, 125.972723 -2.056634, 125.973234 -2.057077, 125.973797 -2.05729, 125.974121 -2.057085, 125.974189 -2.056583, 125.974769 -2.056668)",Ruas WAIBAU-FAGUDU,
"LINESTRING (125.975075 -2.055764, 125.974919 -2.056232, 125.974778 -2.056466, 125.974716 -2.057091, 125.9747 -2.057559, 125.974684 -2.058183, 125.974809 -2.058777, 125.974731 -2.059245, 125.974356 -2.059698, 125.97395 -2.059994, 125.973575 -2.060275, 125.973575 -2.06065, 125.973825 -2.060775, 125.973997 -2.061243, 125.973856 -2.061559, 125.973632 -2.061822, 125.9737 -2.061962, 125.973876 -2.062338, 125.97413 -2.062484, 125.974483 -2.062661, 125.974653 -2.062854, 125.974724 -2.063, 125.974861 -2.063069, 125.975188 -2.063032, 125.975388 -2.063027, 125.975603 -2.063061, 125.975969 -2.063141, 125.976307 -2.063193, 125.976873 -2.06328, 125.977624 -2.06343, 125.978412 -2.063812)",Ruas FAGUDU-RSUD,
"LINESTRING (125.966678 -2.005597, 125.966086 -2.005701, 125.965477 -2.005803, 125.965126 -2.005856, 125.96481 -2.005913, 125.964844 -2.006451, 125.964828 -2.007308, 125.965164 -2.007093, 125.965829 -2.006822, 125.966287 -2.006558, 125.966385 -2.006339, 125.966391 -2.006201, 125.966944 -2.005905, 125.967881 -2.005443, 125.968303 -2.005228, 125.968227 -2.005133, 125.966701 -2.005911, 125.966328 -2.006092, 125.966119 -2.00602, 125.96586 -2.006089, 125.964864 -2.006513)",Ruas KANTOR BUPATI BAWAH,
"LINESTRING (125.96486 -2.007414, 125.964896 -2.007619, 125.964753 -2.007771, 125.964485 -2.007771, 125.964048 -2.00786, 125.963789 -2.00778, 125.96361 -2.007584, 125.96353 -2.006932, 125.962396 -2.006308, 125.961905 -2.006254, 125.961298 -2.005942, 125.96111 -2.00554, 125.96111 -2.005148, 125.961477 -2.004728, 125.96161 -2.004363, 125.96195 -2.004131, 125.96211 -2.004015, 125.962262 -2.0038, 125.96261 -2.003809, 125.963075 -2.003979, 125.963467 -2.004157, 125.963825 -2.004131, 125.964378 -2.003908, 125.964958 -2.003676, 125.965253 -2.003684, 125.965753 -2.003908, 125.966012 -2.004291, 125.966324 -2.004835, 125.96678 -2.005736, 125.966884 -2.00583, 125.967204 -2.006412, 125.967465 -2.006891, 125.967351 -2.006937, 125.966777 -2.005864, 125.966776 -2.005738)",Ruas KANTOR BUPATI ATAS,
"LINESTRING (125.970808 -2.007287, 125.970613 -2.007328, 125.969734 -2.007433, 125.969286 -2.007645, 125.968904 -2.007921, 125.968562 -2.007303, 125.968383 -2.007084, 125.967862 -2.006986, 125.967487 -2.006896, 125.967243 -2.006978, 125.966763 -2.007498, 125.966641 -2.007897, 125.966665 -2.008344, 125.966796 -2.008474, 125.967105 -2.008515, 125.967609 -2.008564, 125.967911 -2.008613, 125.967935 -2.009011, 125.967455 -2.008897, 125.967349 -2.008735, 125.967162 -2.008816, 125.966739 -2.008792, 125.966543 -2.009133, 125.966616 -2.009312, 125.967316 -2.009508, 125.967707 -2.009451, 125.968212 -2.009337, 125.968334 -2.009158, 125.968269 -2.009011, 125.967943 -2.008995, 125.967911 -2.008637, 125.968073 -2.008596, 125.968692 -2.008157, 125.96892 -2.007929)",Ruas KAWASAN DPRD,
"LINESTRING (126.070654 -1.882263, 126.072244 -1.882253, 126.073799 -1.882613, 126.075512 -1.88263, 126.076871 -1.882434, 126.077701 -1.882319, 126.07869 -1.882204, 126.07989 -1.882291, 126.080703 -1.881971, 126.08217 -1.881089, 126.083734 -1.880109, 126.084426 -1.87986, 126.085423 -1.879328, 126.087606 -1.878551, 126.088571 -1.878427, 126.090007 -1.878143, 126.09085 -1.878227, 126.091435 -1.877953, 126.092232 -1.878163, 126.092785 -1.878072, 126.093488 -1.877655, 126.094243 -1.87745, 126.094896 -1.877232, 126.095672 -1.877032, 126.096483 -1.877266, 126.09763 -1.877734, 126.09853 -1.878475, 126.098901 -1.879197, 126.099396 -1.879709, 126.099723 -1.880074, 126.10065 -1.880545, 126.101153 -1.88058, 126.101621 -1.880685, 126.102353 -1.881009, 126.102988 -1.881041, 126.1032 -1.880699, 126.103235 -1.880357, 126.10357 -1.880245, 126.104962 -1.880112, 126.106324 -1.880078, 126.107773 -1.880291, 126.109345 -1.880584, 126.110749 -1.880931, 126.112628 -1.881574, 126.114146 -1.882183, 126.116034 -1.883241, 126.117568 -1.884251, 126.11975 -1.885187, 126.121535 -1.885453, 126.12289 -1.886242, 126.123972 -1.887111, 126.125255 -1.887265, 126.126152 -1.887042, 126.12742 -1.886634, 126.12895 -1.886692, 126.130365 -1.887024, 126.134725 -1.888086, 126.13752 -1.889402, 126.139419 -1.889773, 126.140549 -1.889481, 126.143418 -1.888759, 126.145157 -1.888498, 126.146318 -1.888334, 126.149042 -1.888085, 126.151309 -1.887319, 126.153094 -1.886175, 126.153738 -1.885827, 126.154766 -1.885384, 126.155599 -1.885173, 126.156286 -1.885066, 126.156921 -1.884902, 126.157726 -1.884746, 126.158576 -1.884523, 126.159247 -1.885153, 126.159803 -1.885036, 126.160544 -1.884669, 126.161399 -1.884238, 126.161576 -1.884668, 126.162608 -1.884424, 126.164062 -1.884064, 126.165423 -1.883601, 126.166236 -1.883215, 126.166892 -1.882809, 126.168058 -1.882351, 126.168559 -1.882122, 126.168873 -1.88186, 126.168864 -1.881604, 126.169183 -1.881547, 126.169952 -1.881225, 126.170518 -1.880852, 126.171145 -1.880504, 126.171564 -1.880207, 126.172152 -1.880015, 126.172944 -1.879724, 126.173368 -1.879297, 126.173761 -1.879098, 126.175194 -1.878767, 126.176957 -1.877848, 126.178523 -1.877489, 126.180287 -1.876748, 126.181737 -1.876255, 126.182633 -1.876095, 126.183675 -1.875762, 126.184831 -1.87549, 126.186 -1.874902, 126.186704 -1.874667, 126.187527 -1.874591, 126.189021 -1.873595, 126.190317 -1.8725, 126.192711 -1.870626, 126.196577 -1.868275, 126.198962 -1.867752, 126.201004 -1.867275, 126.203823 -1.867131, 126.206032 -1.866757, 126.206863 -1.866724, 126.207536 -1.866863, 126.208782 -1.867423, 126.210827 -1.868504, 126.211561 -1.868636, 126.212309 -1.868676, 126.214118 -1.869237, 126.216138 -1.869626, 126.217056 -1.869897, 126.217977 -1.869966, 126.218839 -1.87012, 126.219369 -1.870157, 126.219873 -1.870313, 126.220603 -1.870501, 126.22194 -1.871309, 126.223145 -1.872513, 126.22402 -1.873518, 126.225009 -1.873963, 126.226242 -1.874238, 126.22739 -1.874598, 126.228021 -1.874843, 126.228577 -1.875025, 126.22935 -1.875107, 126.233405 -1.876964, 126.243437 -1.87839, 126.245126 -1.878114, 126.245962 -1.878179, 126.246583 -1.878044, 126.247069 -1.877607, 126.248032 -1.877063, 126.250233 -1.87593, 126.251417 -1.875065, 126.252266 -1.874097, 126.254062 -1.872186, 126.254827 -1.871256, 126.255733 -1.870491, 126.256211 -1.870158, 126.256781 -1.869887, 126.25711 -1.869679, 126.257371 -1.869397, 126.257735 -1.868846, 126.257609 -1.86852, 126.257589 -1.868303, 126.257813 -1.868198, 126.258144 -1.868251, 126.258442 -1.868086, 126.258645 -1.867891, 126.259192 -1.867457)",Ruas KOU-WAISAKAI,
"LINESTRING (126.482224 -1.827378, 126.481918 -1.827278, 126.481623 -1.828638, 126.481152 -1.82951, 126.481523 -1.829692, 126.481912 -1.828968, 126.482166 -1.827908, 126.482384 -1.826683, 126.482626 -1.825562)",Jalan Desa WAISUM,
"LINESTRING (126.067845 -2.45456, 126.065953 -2.458451, 126.065596 -2.459042, 126.065357 -2.459562, 126.064997 -2.460094, 126.064225 -2.461164, 126.06356 -2.462175, 126.063089 -2.462781, 126.062606 -2.463209, 126.062252 -2.46359, 126.061781 -2.464149, 126.060686 -2.465348, 126.059937 -2.46648, 126.059259 -2.467688, 126.057872 -2.470077, 126.056913 -2.471206, 126.055776 -2.472229, 126.055193 -2.472796, 126.054505 -2.473268, 126.053788 -2.473779, 126.053035 -2.474207, 126.051388 -2.474921, 126.049974 -2.475416, 126.04919 -2.475568, 126.048193 -2.475632, 126.046929 -2.475446, 126.045658 -2.474952, 126.04501 -2.474598, 126.044339 -2.474303, 126.043421 -2.473888, 126.042452 -2.473268, 126.042485 -2.473131)",Jalan Desa KAWASAN WISATA Tj.WAKA,
"LINESTRING (125.380922 -1.883446, 125.37992 -1.883133, 125.379294 -1.882883, 125.378871 -1.882836, 125.378511 -1.88282, 125.378448 -1.882335, 125.376805 -1.882586, 125.376773 -1.883071, 125.375803 -1.883212, 125.375725 -1.882226, 125.378245 -1.881897, 125.379388 -1.881741, 125.381129 -1.882574, 125.380936 -1.883116, 125.381418 -1.883293, 125.381596 -1.882724, 125.381936 -1.882831, 125.382419 -1.881758, 125.383075 -1.88198, 125.382871 -1.882875, 125.381955 -1.882805)",Jalan Desa PASIPA,
"LINESTRING (125.330686 -1.843167, 125.330407 -1.842778, 125.330282 -1.842304, 125.330546 -1.841553, 125.330672 -1.840593, 125.330672 -1.840217, 125.330184 -1.840203, 125.330463 -1.836766, 125.330769 -1.836807, 125.330643 -1.839237, 125.331071 -1.839256, 125.331061 -1.840259, 125.33063 -1.840203, 125.330642 -1.839263)",Jalan Desa PELITA,
"LINESTRING (125.363231 -1.811293, 125.363402 -1.810881, 125.358939 -1.808719, 125.357136 -1.807655, 125.354921 -1.806162, 125.353788 -1.805476, 125.353376 -1.806334, 125.354406 -1.807106, 125.353805 -1.80817, 125.354647 -1.808702, 125.355179 -1.808084, 125.355436 -1.807741, 125.356861 -1.80853, 125.356638 -1.809011, 125.356295 -1.808857, 125.355814 -1.809852, 125.35669 -1.810195, 125.35705 -1.80932, 125.3582 -1.809972, 125.358458 -1.809509, 125.36105 -1.81107, 125.363042 -1.811877)",Jalan Desa DOFA,
"LINESTRING (125.454376 -1.793337, 125.453967 -1.794357, 125.453468 -1.794063, 125.453153 -1.79464, 125.45365 -1.79497, 125.453121 -1.795664, 125.453732 -1.796069, 125.453278 -1.795732, 125.453107 -1.795905, 125.452546 -1.79544, 125.453106 -1.795913, 125.452817 -1.796308, 125.452457 -1.796844, 125.45184 -1.796377, 125.45247 -1.795529, 125.453082 -1.79471, 125.452559 -1.795424, 125.452195 -1.795154, 125.453111 -1.793866, 125.453559 -1.794131, 125.453831 -1.793382, 125.453762 -1.793204, 125.453744 -1.793047, 125.453741 -1.79289, 125.453701 -1.79264, 125.453752 -1.792332, 125.453672 -1.79175, 125.453478 -1.791019, 125.453313 -1.790114, 125.453369 -1.789141, 125.453468 -1.788371, 125.454431 -1.786952, 125.455162 -1.786214, 125.455423 -1.78562, 125.456075 -1.784735, 125.456493 -1.784007, 125.456774 -1.78364, 125.457118 -1.783327, 125.457242 -1.782989, 125.45762 -1.782169, 125.45794 -1.781422, 125.458203 -1.781166, 125.458706 -1.780855, 125.459138 -1.780673, 125.459638 -1.780502, 125.460109 -1.780454, 125.460871 -1.780308, 125.461618 -1.78027, 125.462781 -1.780539, 125.464167 -1.780961, 125.464764 -1.780892, 125.465288 -1.780952, 125.465828 -1.780961, 125.466412 -1.780841, 125.466914 -1.780831, 125.467473 -1.780829, 125.467917 -1.780653, 125.468518 -1.780585, 125.468896 -1.780638)",Jalan Desa LEKOSULA,
"LINESTRING (125.966737 -2.053783, 125.966451 -2.053414, 125.966386 -2.052925, 125.966292 -2.052618, 125.965628 -2.052029, 125.965218 -2.051398, 125.964911 -2.050553, 125.964446 -2.050037, 125.963769 -2.049903, 125.963383 -2.049517, 125.962561 -2.049349, 125.96104 -2.048426, 125.960068 -2.047847, 125.95927 -2.047199, 125.958279 -2.046563, 125.956647 -2.045912, 125.954976 -2.046176, 125.954222 -2.046097, 125.953562 -2.045754, 125.952034 -2.044574, 125.951118 -2.043998, 125.950373 -2.043657, 125.948762 -2.04273, 125.948066 -2.042189, 125.947338 -2.041819, 125.944601 -2.040393, 125.943443 -2.0395, 125.942482 -2.038898, 125.941978 -2.038114, 125.941593 -2.037597, 125.941338 -2.037104, 125.941392 -2.036716, 125.941258 -2.036328, 125.940756 -2.036097, 125.93978 -2.036023, 125.938571 -2.035948, 125.936432 -2.036451, 125.933951 -2.035877, 125.932575 -2.031204, 125.929549 -2.029417, 125.928179 -2.029692, 125.927241 -2.030631, 125.926558 -2.032079, 125.924997 -2.03294, 125.922221 -2.033156, 125.921873 -2.032471, 125.920728 -2.031238, 125.919704 -2.03025, 125.918172 -2.030044, 125.916275 -2.029155, 125.915083 -2.027131, 125.91452 -2.025196, 125.912493 -2.021718, 125.912177 -2.020832, 125.912221 -2.020141, 125.912395 -2.019404, 125.912663 -2.018628, 125.912827 -2.017936, 125.912892 -2.017166, 125.91258 -2.016645, 125.912253 -2.016276, 125.911649 -2.015712, 125.911457 -2.015446, 125.910559 -2.014214, 125.910406 -2.014, 125.910245 -2.013897, 125.909993 -2.013916, 125.909649 -2.013945, 125.909313 -2.014064, 125.908846 -2.014163, 125.908639 -2.014056, 125.90803 -2.013456, 125.907475 -2.012994, 125.907136 -2.012827, 125.906761 -2.012763, 125.906485 -2.012798, 125.906037 -2.013072, 125.905745 -2.013243, 125.905499 -2.013323, 125.90528 -2.013391, 125.905024 -2.013429, 125.904695 -2.01344, 125.904274 -2.013847, 125.90406 -2.014039, 125.903698 -2.014139, 125.903425 -2.014304, 125.903091 -2.01462, 125.902919 -2.014606, 125.902808 -2.014492, 125.902724 -2.014189, 125.902674 -2.013996, 125.902503 -2.013758, 125.902296 -2.013563, 125.902115 -2.013408, 125.902032 -2.013238, 125.902142 -2.012868, 125.902179 -2.01267, 125.902093 -2.012442, 125.901626 -2.011958, 125.900388 -2.011823, 125.899771 -2.01163, 125.898982 -2.011515, 125.898474 -2.011389, 125.89788 -2.010422, 125.897117 -2.009145, 125.896347 -2.008315, 125.895856 -2.007991, 125.895307 -2.007879, 125.894432 -2.007938, 125.89367 -2.008268, 125.893251 -2.008001, 125.893025 -2.007483, 125.89273 -2.006505)",Ruas MALBUFA-WAIBAU,maphub-meta:{"stroke": "#cc1b15"}
"LINESTRING (125.703754 -1.925949, 125.704226 -1.925996, 125.704981 -1.925761, 125.706336 -1.925925, 125.7097 -1.925827, 125.712292 -1.926167, 125.71379 -1.926261, 125.714968 -1.926102, 125.721123 -1.923552, 125.722361 -1.92324, 125.723107 -1.923211, 125.7237 -1.923046, 125.724964 -1.922785, 125.726193 -1.922777, 125.728772 -1.922919, 125.730209 -1.922196, 125.733084 -1.920592, 125.735609 -1.918878, 125.739083 -1.918518, 125.742964 -1.919449, 125.746097 -1.919043, 125.74794 -1.918289, 125.750896 -1.917445, 125.752777 -1.917403, 125.75475 -1.917705, 125.756828 -1.918126, 125.758615 -1.919019, 125.761135 -1.919772, 125.762127 -1.919652, 125.763438 -1.919868, 125.763441 -1.9195, 125.76472 -1.919127, 125.766114 -1.919072, 125.768503 -1.919107, 125.768878 -1.918923, 125.768975 -1.918227, 125.769058 -1.917308, 125.769698 -1.917033, 125.77132 -1.91614, 125.772476 -1.915894, 125.77396 -1.915248, 125.777234 -1.914933, 125.77857 -1.915393, 125.780598 -1.915599, 125.781943 -1.915048, 125.783089 -1.914442, 125.784452 -1.914772, 125.785688 -1.914721, 125.787361 -1.914218, 125.790614 -1.912522, 125.791503 -1.912135, 125.793063 -1.911742, 125.794258 -1.911821, 125.79697 -1.911901, 125.799139 -1.911807, 125.800157 -1.911476, 125.801412 -1.910959, 125.805503 -1.908949, 125.806593 -1.908421, 125.807682 -1.907718, 125.808858 -1.907151, 125.809938 -1.906545, 125.812054 -1.905403, 125.813171 -1.904793, 125.814103 -1.904126, 125.815505 -1.903375, 125.816869 -1.902529, 125.817715 -1.902376, 125.818522 -1.902107, 125.819692 -1.901799, 125.820784 -1.901357, 125.823512 -1.90017, 125.826511 -1.898983, 125.827962 -1.898549, 125.829413 -1.898288, 125.830719 -1.89797, 125.833242 -1.897324, 125.835744 -1.896434, 125.837974 -1.89593, 125.840447 -1.895166, 125.841721 -1.894832, 125.843518 -1.89471, 125.846704 -1.895914, 125.849225 -1.896699, 125.852075 -1.897533, 125.85884 -1.900837, 125.861374 -1.902799, 125.862729 -1.903408, 125.864647 -1.90455, 125.865409 -1.9055, 125.866999 -1.907021, 125.869466 -1.907821, 125.870622 -1.908143, 125.871846 -1.908533)",Ruas KAPORO-CAPALULU,maphub-meta:{"stroke": "#cc1b15"}
"LINESTRING (125.917674 -2.260514, 125.913267 -2.253063, 125.910668 -2.244934, 125.907504 -2.234659, 125.901403 -2.226643, 125.899369 -2.217384, 125.897448 -2.2114, 125.90016 -2.20519, 125.899256 -2.199319, 125.898351 -2.196872, 125.898013 -2.196079, 125.897818 -2.195186, 125.897378 -2.194475, 125.897001 -2.194079, 125.89634 -2.193703, 125.896026 -2.193405, 125.895705 -2.193296, 125.895225 -2.193199, 125.894808 -2.193031, 125.894679 -2.192842, 125.894644 -2.192549, 125.894624 -2.192002, 125.894541 -2.191376, 125.894513 -2.190982, 125.894565 -2.19062)",Ruas Waiina-Kabau Darat,maphub-meta:{"stroke": "#cc1b15"}
"LINESTRING (125.89455 -2.190609, 125.894454 -2.189837, 125.894293 -2.189194, 125.8941 -2.186429, 125.894003 -2.1854, 125.893585 -2.184499, 125.893424 -2.182249, 125.89307 -2.179676, 125.893392 -2.177232, 125.89439 -2.175046, 125.894293 -2.174113, 125.893778 -2.172441, 125.893205 -2.172021, 125.891209 -2.167171, 125.890982 -2.166196, 125.887909 -2.159045, 125.88768 -2.156862, 125.887306 -2.155638, 125.886454 -2.153561, 125.885795 -2.152568, 125.885532 -2.151981, 125.885192 -2.150562, 125.884942 -2.149688, 125.883967 -2.147802, 125.882792 -2.146761, 125.882075 -2.144844, 125.881738 -2.142451, 125.881542 -2.141606, 125.881383 -2.140229, 125.8806 -2.137381, 125.879827 -2.135823, 125.879092 -2.134723, 125.878478 -2.133553, 125.878057 -2.13293, 125.877923 -2.131819, 125.877779 -2.130539, 125.877331 -2.129222, 125.877099 -2.127995, 125.876506 -2.126867, 125.876229 -2.126094, 125.875824 -2.125803, 125.875964 -2.125543, 125.876187 -2.125222, 125.876047 -2.124845, 125.875316 -2.124071, 125.875118 -2.123491, 125.874581 -2.123108, 125.874439 -2.122731, 125.874613 -2.122206, 125.874514 -2.121884, 125.874372 -2.121563, 125.874112 -2.121318, 125.87383 -2.120571, 125.873815 -2.120088, 125.874027 -2.119763, 125.874141 -2.119574, 125.874081 -2.119329, 125.874016 -2.119122, 125.87382 -2.119027, 125.873691 -2.118695, 125.873545 -2.118449, 125.873468 -2.118169, 125.873293 -2.117955, 125.873091 -2.117768, 125.873031 -2.117506, 125.873027 -2.117142, 125.872958 -2.116687, 125.87277 -2.116265, 125.872451 -2.11568, 125.872124 -2.115024, 125.871839 -2.114647, 125.871472 -2.114346, 125.870998 -2.114105, 125.870536 -2.113776, 125.87014 -2.113355, 125.869925 -2.113033, 125.869688 -2.112205, 125.869515 -2.111961, 125.869368 -2.111811, 125.868702 -2.111605, 125.868536 -2.11144, 125.868456 -2.111255, 125.868323 -2.111169, 125.86793 -2.110501, 125.867651 -2.109912, 125.867292 -2.1095, 125.867088 -2.109392, 125.866974 -2.109262, 125.866846 -2.109039, 125.866701 -2.108441, 125.865313 -2.10689, 125.865807 -2.106343, 125.865614 -2.106129, 125.865152 -2.105679, 125.86491 -2.10498, 125.864605 -2.104382, 125.863616 -2.103247, 125.862383 -2.102208, 125.861915 -2.102179, 125.861754 -2.102091, 125.861686 -2.101897, 125.861665 -2.101275, 125.861358 -2.10066, 125.861162 -2.100383, 125.861171 -2.099818, 125.861094 -2.097687, 125.860946 -2.096572, 125.860804 -2.096125, 125.860787 -2.095913, 125.860556 -2.095801, 125.860313 -2.095425, 125.859531 -2.094975, 125.859209 -2.094921, 125.858801 -2.094964)",Ruas Kabau Darat-Paratina,maphub-meta:{"stroke": "#e32c31"}
"LINESTRING (125.858816 -2.094855, 125.858528 -2.094101, 125.857817 -2.093236, 125.857507 -2.09277, 125.857928 -2.092149, 125.858284 -2.089354, 125.857373 -2.088156, 125.857862 -2.087091, 125.858039 -2.086492, 125.858395 -2.085538, 125.858927 -2.084717, 125.859549 -2.084695, 125.860614 -2.085006, 125.861746 -2.083963, 125.86234 -2.082745, 125.862208 -2.081956, 125.860893 -2.078822, 125.86098 -2.078165, 125.8612 -2.07731, 125.860739 -2.076521, 125.860652 -2.075732, 125.860673 -2.075075, 125.860842 -2.073426, 125.861079 -2.072652, 125.862074 -2.071153, 125.862068 -2.070303, 125.86504 -2.066771, 125.866394 -2.065518, 125.866941 -2.063081, 125.866777 -2.061054, 125.866109 -2.060422, 125.865705 -2.05979, 125.864336 -2.059527, 125.864055 -2.059246, 125.864596 -2.05801, 125.865053 -2.05765, 125.864955 -2.057259, 125.864841 -2.056867, 125.865282 -2.056703, 125.865903 -2.056801, 125.866344 -2.05654, 125.86605 -2.054874, 125.865691 -2.05347, 125.865789 -2.052882, 125.865325 -2.052169, 125.865301 -2.051498, 125.864774 -2.050707, 125.863071 -2.050467, 125.862639 -2.050108, 125.864442 -2.046736, 125.865069 -2.04505, 125.86569 -2.042777, 125.866007 -2.041486, 125.866495 -2.040651, 125.867152 -2.039861, 125.86758 -2.039071, 125.867727 -2.0387, 125.867401 -2.038363, 125.867304 -2.037912, 125.868135 -2.037446, 125.868585 -2.036639, 125.869411 -2.035574, 125.869786 -2.035194, 125.869629 -2.034624, 125.869208 -2.033216, 125.869793 -2.032567, 125.870303 -2.031728, 125.87049 -2.031269, 125.870448 -2.030583, 125.870822 -2.029741, 125.871112 -2.027621, 125.872892 -2.025554, 125.876077 -2.022994)",Ruas Paratina-Malbufa,maphub-meta:{"stroke": "#e32c31"}
"LINESTRING (125.356556 -1.807757, 125.359881 -1.809797, 125.361682 -1.810761, 125.363203 -1.811342, 125.363026 -1.811861, 125.363317 -1.812079, 125.363594 -1.812609, 125.364241 -1.814152, 125.364655 -1.815197, 125.364861 -1.816047, 125.365032 -1.816522, 125.365577 -1.816779, 125.366667 -1.816829, 125.367602 -1.817317, 125.368745 -1.817464, 125.370485 -1.817455, 125.371342 -1.81716, 125.371724 -1.814751, 125.371744 -1.812809, 125.371133 -1.812076, 125.370456 -1.810092, 125.37092 -1.809094, 125.371302 -1.808342, 125.371845 -1.808158, 125.375133 -1.808391, 125.376482 -1.807995, 125.377027 -1.807474, 125.377598 -1.806564, 125.378662 -1.805551, 125.379778 -1.804096, 125.380661 -1.803096, 125.381426 -1.801804, 125.382062 -1.800123, 125.382672 -1.799487, 125.383464 -1.799057, 125.38432 -1.79859, 125.385047 -1.797707, 125.386449 -1.79672, 125.388216 -1.795647, 125.390659 -1.795041, 125.39146 -1.793663, 125.392079 -1.791767, 125.39263 -1.788597, 125.393128 -1.787373, 125.393949 -1.78665, 125.395444 -1.786473, 125.396306 -1.78591, 125.399114 -1.783842, 125.401117 -1.783227, 125.404293 -1.782749, 125.405224 -1.782738, 125.40696 -1.783246, 125.408858 -1.783988, 125.409069 -1.784587, 125.408773 -1.785795, 125.408997 -1.787237, 125.409783 -1.791179, 125.409999 -1.795043, 125.41037 -1.796442, 125.411287 -1.797971, 125.413454 -1.800625, 125.414868 -1.801446, 125.416023 -1.8025, 125.416698 -1.804817, 125.417321 -1.805936, 125.418281 -1.806952, 125.418904 -1.807642, 125.419813 -1.808124, 125.420975 -1.808788, 125.422214 -1.809685, 125.424667 -1.810702, 125.426108 -1.811043, 125.427373 -1.811046, 125.428068 -1.810841, 125.429403 -1.810861, 125.430285 -1.810401, 125.431776 -1.809812, 125.43293 -1.809742, 125.433688 -1.80973, 125.43455 -1.809199, 125.437312 -1.807514, 125.438233 -1.806727, 125.439076 -1.805473, 125.441359 -1.802978, 125.443189 -1.802549, 125.444078 -1.802412, 125.444811 -1.802665, 125.446096 -1.803247, 125.447666 -1.803337, 125.448251 -1.803154, 125.448965 -1.803151, 125.449905 -1.803187, 125.450235 -1.802937, 125.450739 -1.801504, 125.451093 -1.800135, 125.451863 -1.798896, 125.452857 -1.797456, 125.453928 -1.79586, 125.454585 -1.794653, 125.455222 -1.793459, 125.455705 -1.792005, 125.455975 -1.791023, 125.456635 -1.790171, 125.457617 -1.78892, 125.458353 -1.788434, 125.459218 -1.788337, 125.460994 -1.788176, 125.463768 -1.788896, 125.465825 -1.788408, 125.466886 -1.78852, 125.468051 -1.788892, 125.469076 -1.788511, 125.470024 -1.788273, 125.470972 -1.788631, 125.47279 -1.788613, 125.473805 -1.788653, 125.475057 -1.789202, 125.476269 -1.789205, 125.477015 -1.789338, 125.477662 -1.789819)",Ruas DOFA-FALABISAHAYA,maphub-meta:{"stroke": "#cc1b15"}
"LINESTRING (125.499811 -1.937154, 125.499733 -1.937008, 125.499717 -1.936765, 125.499504 -1.936531, 125.499441 -1.936283, 125.499416 -1.936131, 125.499306 -1.935967, 125.499089 -1.935743, 125.498715 -1.935491, 125.498156 -1.93513, 125.497917 -1.934978, 125.497687 -1.93486, 125.497032 -1.934734, 125.496509 -1.934693, 125.49597 -1.934504, 125.495533 -1.934075, 125.495258 -1.933808, 125.495016 -1.933698, 125.494359 -1.933478, 125.494109 -1.933423, 125.493847 -1.933412, 125.493617 -1.933417, 125.49311 -1.933407, 125.492223 -1.933094, 125.492084 -1.932881, 125.492041 -1.932302, 125.492002 -1.931998, 125.492035 -1.931623, 125.492142 -1.931397, 125.492287 -1.931237, 125.492517 -1.930871, 125.492769 -1.930187, 125.493174 -1.92959, 125.4934 -1.929215, 125.493395 -1.928836, 125.493304 -1.928533, 125.493183 -1.928289, 125.493065 -1.928176, 125.492619 -1.927921, 125.49244 -1.927709, 125.492406 -1.927549, 125.49243 -1.927163, 125.492727 -1.926574, 125.492875 -1.926303, 125.492994 -1.926097, 125.493023 -1.925747, 125.49299 -1.925626, 125.492781 -1.92548, 125.492588 -1.925442, 125.492296 -1.925475, 125.491893 -1.925511, 125.491611 -1.925564, 125.491443 -1.92556, 125.491267 -1.925555, 125.491105 -1.92546, 125.491054 -1.925364, 125.491012 -1.925181, 125.490996 -1.924755, 125.490782 -1.924321, 125.490746 -1.923446, 125.490589 -1.92296, 125.489782 -1.922277, 125.48883 -1.921899, 125.487951 -1.921375, 125.487507 -1.920797, 125.487149 -1.919817, 125.486099 -1.919222, 125.484357 -1.919, 125.483261 -1.918378, 125.482742 -1.917016, 125.482224 -1.915759, 125.481608 -1.9151, 125.478866 -1.914396, 125.47742 -1.914824, 125.476727 -1.914648, 125.475659 -1.913479, 125.47508 -1.913122, 125.473991 -1.913186, 125.473254 -1.912924, 125.471842 -1.911859, 125.471586 -1.910018, 125.471639 -1.909248, 125.471199 -1.908938, 125.470078 -1.908632, 125.468826 -1.907639, 125.468305 -1.907187, 125.466873 -1.907562, 125.466042 -1.906525, 125.46484 -1.906081, 125.464539 -1.904913, 125.463487 -1.904269, 125.463202 -1.903481, 125.461301 -1.903268, 125.4599 -1.902846, 125.455428 -1.90295, 125.455145 -1.900284, 125.454944 -1.898846, 125.455429 -1.898157, 125.456588 -1.897482, 125.456702 -1.896589, 125.456714 -1.895526, 125.457832 -1.89429, 125.45827 -1.893671, 125.459151 -1.892986, 125.459907 -1.891398, 125.460164 -1.890648, 125.459911 -1.889418, 125.459732 -1.888566, 125.45853 -1.887644, 125.457298 -1.886372, 125.4561 -1.884728, 125.455779 -1.883113, 125.455181 -1.882007, 125.454267 -1.88122, 125.452043 -1.880278, 125.449641 -1.879014, 125.447842 -1.876257, 125.445634 -1.87476, 125.440519 -1.872357, 125.437777 -1.870566, 125.436654 -1.868702, 125.438366 -1.865949, 125.441134 -1.864287, 125.442287 -1.862147, 125.448385 -1.862646, 125.452151 -1.86108, 125.454942 -1.859652, 125.458139 -1.857269, 125.467733 -1.85352, 125.474204 -1.852752, 125.478585 -1.852249, 125.480052 -1.850262, 125.479228 -1.847439, 125.476674 -1.843499, 125.473062 -1.838726, 125.47219 -1.832566, 125.472564 -1.825782, 125.472242 -1.823094, 125.472534 -1.822094, 125.472818 -1.82126, 125.47295 -1.820725, 125.472938 -1.819375, 125.473458 -1.818892, 125.47432 -1.818357, 125.475198 -1.817937, 125.475951 -1.817636, 125.47629 -1.816686, 125.477747 -1.812809, 125.478337 -1.811942, 125.478416 -1.811447, 125.478062 -1.810655, 125.477417 -1.809624, 125.476331 -1.808339, 125.476049 -1.808079, 125.475485 -1.808019, 125.475235 -1.80845, 125.474931 -1.809116, 125.473686 -1.810059, 125.473015 -1.810688, 125.472216 -1.810786, 125.471611 -1.810767, 125.47052 -1.811406, 125.469985 -1.811883, 125.470023 -1.812869, 125.469735 -1.813373, 125.469176 -1.813353, 125.468522 -1.813018, 125.467939 -1.812978, 125.467451 -1.812614, 125.466351 -1.812236, 125.465377 -1.812036, 125.464635 -1.811976, 125.464421 -1.811739, 125.464424 -1.811345, 125.465725 -1.809956, 125.466268 -1.808839, 125.466476 -1.807879, 125.4667 -1.806932, 125.466628 -1.806359, 125.466396 -1.805743, 125.46582 -1.805103, 125.465474 -1.804227, 125.465677 -1.8023, 125.464637 -1.801795, 125.46319 -1.801208, 125.462437 -1.80086, 125.462405 -1.800387, 125.462925 -1.800039, 125.463715 -1.799912, 125.464601 -1.799784, 125.465279 -1.800322, 125.465741 -1.800231, 125.465969 -1.7999, 125.466003 -1.798791, 125.465563 -1.798324, 125.464365 -1.79782, 125.463637 -1.797306, 125.463629 -1.796333, 125.463987 -1.795852, 125.465423 -1.795064, 125.466507 -1.794854, 125.468437 -1.794332, 125.469 -1.794728, 125.469705 -1.794329, 125.470643 -1.793269, 125.471083 -1.792259, 125.471417 -1.790773, 125.472806 -1.788794)",Ruas FALABISAHAYA-AUPONHIA,maphub-meta:{"stroke": "#cc1b15"}
"LINESTRING (125.876142 -2.022988, 125.879359 -2.020651, 125.880045 -2.01989, 125.880659 -2.019347, 125.881274 -2.017997, 125.881599 -2.017119, 125.882299 -2.016892, 125.882654 -2.016249, 125.883165 -2.015488, 125.884412 -2.012692, 125.884773 -2.011348, 125.885162 -2.010495, 125.885397 -2.00991, 125.885868 -2.009361, 125.886384 -2.008635, 125.886773 -2.007438, 125.886926 -2.006857, 125.887205 -2.006638, 125.887593 -2.006653, 125.887998 -2.006885, 125.888519 -2.00726, 125.889162 -2.007556, 125.890267 -2.007405, 125.890965 -2.007208, 125.891762 -2.006756, 125.892736 -2.006486, 125.893547 -2.005654, 125.893937 -2.005152, 125.894712 -2.004403, 125.895135 -2.003908, 125.895776 -2.003196, 125.896658 -2.002497, 125.896882 -2.00178, 125.897378 -2.001064, 125.897806 -2.000537, 125.897961 -1.999865, 125.898236 -1.999518, 125.898877 -1.999006, 125.899625 -1.998282, 125.89983 -1.99763, 125.899658 -1.996652, 125.899896 -1.995839, 125.900332 -1.994395, 125.90046 -1.993585, 125.900583 -1.992649, 125.900416 -1.99115, 125.900349 -1.98911, 125.900173 -1.988591, 125.899979 -1.987755, 125.900116 -1.986926, 125.900507 -1.986441, 125.901253 -1.986231, 125.90324 -1.985876, 125.904523 -1.985925, 125.90568 -1.985866, 125.9068 -1.985558, 125.907967 -1.985359, 125.909044 -1.984798, 125.910708 -1.98354, 125.911966 -1.983236, 125.91268 -1.983332, 125.913362 -1.983555, 125.913875 -1.983738, 125.91435 -1.983504, 125.914715 -1.983524, 125.915136 -1.983027, 125.91567 -1.982975, 125.916647 -1.983253, 125.917508 -1.983605, 125.91806 -1.98403, 125.918875 -1.9845, 125.919728 -1.984627, 125.920364 -1.984882, 125.920982 -1.984938, 125.92175 -1.983906, 125.922282 -1.983835, 125.922778 -1.984085, 125.923456 -1.984117, 125.924287 -1.983964, 125.924637 -1.983702, 125.925023 -1.983658, 125.925853 -1.983668, 125.926665 -1.983859, 125.927169 -1.984032, 125.927855 -1.983988, 125.928578 -1.983899, 125.928831 -1.983557, 125.929118 -1.983417, 125.929332 -1.983458, 125.92971 -1.983263, 125.929934 -1.982721, 125.93069 -1.982106, 125.931149 -1.981989, 125.931753 -1.981617, 125.932199 -1.981201, 125.932982 -1.981585, 125.933396 -1.982659, 125.933538 -1.983472, 125.936723 -1.985794, 125.93775 -1.986603, 125.938339 -1.986745, 125.938746 -1.987124, 125.93898 -1.987771, 125.939168 -1.98831, 125.939574 -1.988469, 125.940168 -1.988332, 125.941011 -1.988404, 125.941682 -1.988547, 125.942027 -1.98887, 125.942318 -1.989462, 125.942628 -1.98983, 125.943095 -1.990276, 125.943507 -1.991066, 125.944007 -1.991196, 125.944624 -1.991475, 125.946076 -1.99207, 125.946527 -1.992379, 125.947468 -1.99258, 125.948189 -1.992529, 125.94858 -1.992263, 125.948872 -1.992384, 125.949438 -1.992662, 125.949751 -1.992668, 125.949955 -1.992529, 125.950424 -1.991611, 125.951139 -1.991419, 125.951488 -1.990978, 125.951671 -1.990649, 125.952488 -1.990865, 125.952846 -1.99091, 125.953418 -1.99056, 125.9537 -1.990645, 125.953847 -1.991069, 125.954141 -1.991827, 125.95415 -1.992255, 125.953404 -1.992675, 125.953187 -1.992944, 125.953223 -1.993394, 125.953478 -1.993968, 125.953751 -1.99459, 125.953898 -1.995327, 125.954101 -1.995641, 125.954616 -1.995889, 125.954922 -1.996131, 125.956017 -1.996483, 125.956803 -1.996581, 125.957106 -1.996687, 125.957821 -1.996826, 125.958436 -1.996784, 125.958898 -1.997723, 125.959131 -1.997831, 125.959817 -1.997631, 125.960141 -1.997725, 125.96034 -1.997945, 125.960285 -1.998236, 125.959904 -1.998635, 125.959939 -1.998871, 125.96027 -1.999039, 125.960303 -1.999541, 125.959833 -1.999948, 125.95966 -2.000282, 125.959601 -2.001119, 125.95989 -2.001451, 125.960277 -2.001493, 125.961098 -2.001145, 125.962093 -2.000786, 125.962455 -2.000138, 125.963035 -2.000112, 125.963619 -1.999724, 125.963925 -2.000001, 125.964585 -2.000724, 125.96497 -2.001648, 125.965555 -2.002313, 125.96631 -2.00287, 125.967533 -2.004184, 125.969139 -2.006239, 125.969369 -2.006644, 125.969754 -2.006816, 125.971244 -2.00749, 125.972474 -2.008508, 125.973334 -2.009361, 125.973883 -2.010116, 125.974833 -2.010975, 125.975083 -2.011503, 125.975545 -2.012501, 125.976156 -2.013241, 125.97698 -2.013767, 125.977444 -2.014645, 125.977945 -2.015178, 125.979447 -2.016275, 125.979848 -2.016502, 125.980165 -2.016364, 125.980569 -2.015349, 125.980857 -2.014936, 125.9812 -2.014634, 125.981555 -2.014537, 125.981967 -2.014577, 125.982326 -2.01487, 125.982849 -2.01528, 125.983216 -2.01581, 125.982894 -2.016893, 125.982597 -2.017289, 125.982079 -2.017613, 125.981043 -2.017989, 125.980993 -2.018335, 125.981351 -2.018953, 125.982088 -2.019649, 125.982533 -2.019995, 125.983043 -2.02037, 125.983463 -2.020489, 125.983864 -2.020143, 125.984219 -2.01977, 125.985048 -2.019565, 125.985413 -2.019433, 125.98579 -2.019551, 125.986105 -2.019795, 125.986447 -2.020353, 125.986944 -2.02098, 125.987599 -2.021964, 125.9878 -2.02284, 125.987884 -2.023278, 125.988228 -2.023508, 125.988293 -2.024513, 125.988733 -2.025849, 125.988763 -2.027159, 125.989051 -2.029222, 125.989499 -2.030338, 125.989635 -2.03192, 125.990407 -2.035605, 125.990078 -2.037389, 125.989723 -2.03868, 125.989728 -2.039937, 125.989942 -2.04083, 125.99042 -2.042773, 125.991091 -2.044218, 125.991757 -2.045214, 125.991753 -2.045894, 125.991411 -2.047092, 125.990939 -2.047811, 125.990742 -2.048611, 125.99015 -2.049647, 125.989272 -2.05093, 125.988415 -2.052407, 125.987714 -2.053314, 125.986896 -2.05395, 125.986165 -2.054147, 125.985539 -2.054137, 125.983523 -2.054076, 125.982852 -2.054045, 125.981803 -2.054367, 125.98141 -2.054493, 125.980992 -2.054826, 125.98052 -2.055597)",Ruas SANANA-MALBUFA,maphub-meta:{"stroke": "#f1ae29"}
"LINESTRING (126.032693 -2.334846, 126.031575 -2.331369, 126.030017 -2.32859, 126.027108 -2.324322, 126.022737 -2.315889, 126.021024 -2.31278, 126.021043 -2.311969, 126.02108 -2.310191, 126.020224 -2.302144, 126.019647 -2.299464, 126.018398 -2.29632, 126.016985 -2.293697, 126.014964 -2.290338, 126.013047 -2.28574, 126.012129 -2.283011, 126.011437 -2.282627, 126.010901 -2.281108, 126.01015 -2.279289, 126.008802 -2.275963, 126.005896 -2.270053, 126.005032 -2.267423, 126.004388 -2.266088, 126.000361 -2.262695, 126.00011 -2.261331, 125.999789 -2.25949, 125.99939 -2.257184, 125.999198 -2.255626, 125.998437 -2.253707, 125.995497 -2.249801, 125.992467 -2.244853, 125.989618 -2.240164, 125.988521 -2.238738, 125.987307 -2.235577, 125.984726 -2.23225, 125.981836 -2.226835, 125.980853 -2.22422, 125.979353 -2.22083, 125.977541 -2.218131, 125.976295 -2.213971, 125.975818 -2.21154, 125.972797 -2.203941, 125.970935 -2.201507, 125.969435 -2.198221, 125.96721 -2.194592, 125.966326 -2.192396, 125.962233 -2.182064, 125.96091 -2.176103, 125.959767 -2.170761, 125.959188 -2.166844, 125.957461 -2.160919, 125.957215 -2.157285, 125.956583 -2.153339, 125.956226 -2.148312, 125.956235 -2.144955, 125.956846 -2.143156, 125.957814 -2.139091, 125.958646 -2.134226, 125.958834 -2.132162, 125.958611 -2.130795, 125.958301 -2.129409, 125.958665 -2.126889, 125.959736 -2.12002, 125.959823 -2.117231, 125.960185 -2.114328, 125.961079 -2.11096, 125.962625 -2.106403, 125.963865 -2.102272, 125.964401 -2.100204, 125.964224 -2.099721, 125.963925 -2.09901, 125.963658 -2.098366, 125.963664 -2.097478, 125.96386 -2.096631, 125.964339 -2.094806, 125.964711 -2.094163, 125.965292 -2.093638, 125.965769 -2.093282, 125.966266 -2.093038, 125.96683 -2.093215, 125.96789 -2.090056, 125.970272 -2.084079, 125.972552 -2.078183, 125.976174 -2.072973, 125.979021 -2.069168, 125.980872 -2.069363, 125.981602 -2.067375, 125.982741 -2.063767, 125.983156 -2.062528, 125.983319 -2.061449, 125.98296 -2.060389, 125.982425 -2.059742, 125.98178 -2.059282, 125.980975 -2.058867, 125.98043 -2.058375, 125.98025 -2.05782, 125.980252 -2.056945, 125.980521 -2.055658)",Ruas SANANA-MANAF,maphub-meta:{"stroke": "#f1ae29"}
